,store,address,latitude,longitude,isReserve,review
0,스타벅스 역삼아레나빌딩점,서울특별시 강남구 언주로 425 (역삼동),37.501087,127.043069,general,262.0
1,스타벅스 논현역사거리점,서울특별시 강남구 강남대로 538 (논현동),37.510178,127.022223,general,384.0
2,스타벅스 신사역성일빌딩점,서울특별시 강남구 강남대로 584 (논현동),37.514132,127.020563,general,333.0
3,스타벅스 국기원사거리점,서울특별시 강남구 테헤란로 125 (역삼동),37.499517,127.031495,general,341.0
4,스타벅스 스탈릿대치R점,서울특별시 강남구 남부순환로 2947 (대치동),37.494668,127.062583,reserve,258.0
5,스타벅스 봉은사역점,서울특별시 강남구 봉은사로 619 (삼성동),37.515,127.063196,general,172.0
6,스타벅스 압구정윤성빌딩점,서울특별시 강남구 논현로 834 (신사동),37.5227934,127.0286009,general,137.0
7,스타벅스 코엑스별마당점,서울특별시 강남구 영동대로 513 (삼성동),37.51015,127.060275,general,306.0
8,스타벅스 삼성역섬유센터R점,서울특별시 강남구 테헤란로 518 (대치동),37.50775,127.060651,reserve,554.0
9,스타벅스 압구정R점,서울특별시 강남구 언주로 861 (신사동),37.5273669,127.033061,reserve,231.0
10,스타벅스 수서역R점,서울특별시 강남구 광평로 281 (수서동),37.488008,127.10265,reserve,402.0
11,스타벅스 양재강남빌딩R점,서울특별시 강남구 남부순환로 2621 (도곡동),37.485192,127.036685,reserve,399.0
12,스타벅스 선릉동신빌딩R점,서울특별시 강남구 테헤란로 409 (삼성동),37.505321,127.050409,reserve,560.0
13,스타벅스 봉은사로선정릉점,서울특별시 강남구 봉은사로 446 (삼성동),37.511293,127.048409,general,274.0
14,스타벅스 강남오거리점,서울특별시 강남구 봉은사로2길 39 (역삼동),37.502117,127.026672,general,535.0
15,스타벅스 스타필드코엑스몰R점,서울특별시 강남구 영동대로 513 (삼성동) 코엑스 A106호,37.50999,127.061455,reserve,449.0
16,스타벅스 강남구청정문점,서울특별시 강남구 학동로 419 (청담동),37.518181,127.045995,general,288.0
17,스타벅스 도곡공원점,서울특별시 강남구 도곡로 205 (역삼동),37.492805,127.041309,general,229.0
18,스타벅스 강남R점,서울특별시 강남구 강남대로 390 (역삼동),37.497711,127.028439,reserve,839.0
19,스타벅스 대치은마사거리점,서울특별시 강남구 도곡로 457 (대치동),37.498973,127.060172,general,182.0
20,스타벅스 청담영동대로점,서울특별시 강남구 영동대로 720 (청담동),37.522156,127.056449,general,245.0
21,스타벅스 압구정점,서울특별시 강남구 압구정로30길 17 (신사동),37.526283,127.02956,general,
22,스타벅스 신사가로수점,서울특별시 강남구 가로수길 59 ,37.521933,127.022521,general,258.0
23,스타벅스 청담스타R점,서울특별시 강남구 도산대로57길 24 (청담동),37.525216,127.041827,reserve,342.0
24,스타벅스 강남우성점,서울특별시 강남구 강남대로 328 (역삼동),37.492396,127.03091,general,346.0
25,스타벅스 학동사거리점,서울특별시 강남구 도산대로 328 (논현동),37.52236449999999,127.03795430000002,general,419.0
26,스타벅스 대치사거리점,서울특별시 강남구 삼성로 402 (대치동),37.503331,127.058817,general,212.0
27,스타벅스 포스코사거리점,서울특별시 강남구 테헤란로 505 (삼성동) 화진빌딩,37.5075307,127.05742710000004,general,422.0
28,스타벅스 을지병원사거리점,"서울특별시 강남구 논현로 752 (논현동,구산빌딩)",37.5191632,127.0286446,general,276.0
29,스타벅스 신사역점,서울특별시 강남구 도산대로 108 (논현동) 렉스타워,37.5162021,127.0207428,general,442.0
30,스타벅스 도곡역점,서울특별시 강남구 남부순환로 2909 (대치동),37.492167,127.057398,general,268.0
31,스타벅스 서울세관사거리점,서울특별시 강남구 언주로 650 (논현동) 한국건설기술인협회,37.514887,127.035653,general,320.0
32,스타벅스 청담사거리점,서울특별시 강남구 도산대로 458 (청담동) 리츠타워,37.5236351,127.0468651,general,268.0
33,스타벅스 한티역점,"서울특별시 강남구 도곡로 408, 디마크빌딩 101호 (대치동)",37.496801,127.055055,general,379.0
34,스타벅스 역삼초교사거리점,서울특별시 강남구 역삼로 123 (역삼동),37.4941059,127.03299730000003,general,342.0
35,스타벅스 코엑스몰점,서울특별시 강남구 영동대로 513 (삼성동) O103호,37.513715,127.059245,general,
36,스타벅스 가로수길점,"서울특별시 강남구 논현로175길 94, 1~2층 (신사동)",37.5231593,127.02162499999996,general,294.0
37,스타벅스 역삼대로점,"서울특별시 강남구 테헤란로 211, 한국고등교육재단빌딩 1층 (역삼동)",37.501623,127.039375,general,233.0
38,스타벅스 역삼포스코점,"서울특별시 강남구 테헤란로 134, P&S TOWER (역삼동)",37.499721,127.033582,general,332.0
39,스타벅스 강남대로점,"서울특별시 강남구 강남대로 456, 한석타워 2층 1-2호 (역삼동)",37.50314,127.025546,general,482.0
40,스타벅스 청담점,"서울특별시 강남구 도산대로 532, 인희빌딩 1층 (청담동)",37.5243631,127.05155990000004,general,270.0
41,스타벅스 삼성도심공항점,서울특별시 강남구 테헤란로87길 33 (삼성동),37.5097863,127.05791339999996,general,474.0
42,스타벅스 삼성교점,"서울특별시 강남구 영동대로86길 12, 동남유화빌딩 1층",37.507794,127.06517,general,431.0
43,스타벅스 학동역점,서울특별시 강남구 논현로 704 (논현동),37.51464884,127.0307302,general,434.0
44,스타벅스 대치점,서울특별시 강남구 도곡로 511 (대치동),37.49966175,127.0622171,general,264.0
45,스타벅스 SSG마켓도곡R점,"서울특별시 강남구 언주로30길 57, 타워팰리스Ⅱ F 지하1층 (도곡동)",37.490298,127.054895,reserve,288.0
46,스타벅스 삼성점,"서울특별시 강남구 테헤란로 443, 애플트리타워 1층 (삼성동)",37.50703529,127.0555503,general,300.0
47,스타벅스 선릉세화빌딩점,서울특별시 강남구 테헤란로64길 18 (대치동) 1층,37.50377562,127.051196,general,406.0
48,스타벅스 압구정역점,"서울특별시 강남구 압구정로 170, 관영빌딩 1층 지하1층 (신사동)",37.52674095,127.0281105,general,
49,스타벅스 압구정로점,서울특별시 강남구 압구정로42길 32 (신사동),37.52680046,127.0347174,general,178.0
50,스타벅스 구역삼사거리점,서울특별시 강남구 논현로 401 (역삼동),37.49592355,127.0388645,general,339.0
51,스타벅스 큰길타워점,"서울특별시 강남구 테헤란로 223, 큰길타워빌딩 (역삼동)",37.50236693,127.0407,general,135.0
52,스타벅스 강남구청역점,"서울특별시 강남구 선릉로 669, 웰빙센터 1층 (논현동)",37.5165849,127.04124330000002,general,450.0
53,스타벅스 대치역점,서울특별시 강남구 남부순환로 2936 (대치동) 107호,37.493554,127.061874,general,147.0
54,스타벅스 포이점,서울특별시 강남구 논현로 88 (개포동),37.47781106,127.0451411,general,346.0
55,스타벅스 아크플레이스점,서울특별시 강남구 테헤란로 142 (역삼동),37.49971982,127.0349084,general,278.0
56,스타벅스 학여울역점,서울특별시 강남구 영동대로 215 (대치동),37.49803646,127.0684943,general,248.0
57,스타벅스 선정릉역점,서울특별시 강남구 봉은사로 407 (삼성동) 에프오빌딩,37.51075489999999,127.04455970000004,general,303.0
58,스타벅스 삼성현대힐점,서울특별시 강남구 삼성로 605 (삼성동),37.51354184,127.0527183,general,291.0
59,스타벅스 GS타워점,서울특별시 강남구 논현로 508 (역삼동),37.5018592,127.03727759999992,general,275.0
60,스타벅스 압구정미소점,서울특별시 강남구 논현로 841 (신사동),37.52405601,127.027915,general,1340.0
61,스타벅스 선릉역점,"서울특별시 강남구 테헤란로 334, LG화재 빌딩 (역삼동)",37.50393894,127.0485135,general,311.0
62,스타벅스 수서점,서울특별시 강남구 밤고개로1길 10 (수서동) 수서현대벤쳐빌 지하2층,37.48801132,127.1017508,general,406.0
63,스타벅스 코엑스사거리점,서울특별시 강남구 영동대로 616 (삼성동),37.515351,127.060109,general,262.0
64,스타벅스 역삼럭키점,서울특별시 강남구 도곡로 183 (역삼동),37.492209,127.039389,general,211.0
65,스타벅스 차병원사거리점,"서울특별시 강남구 봉은사로 213, 센트럴타워 (논현동)",37.508032,127.035373,general,327.0
66,스타벅스 청담공원점,서울특별시 강남구 학동로 506 (삼성동),37.5186549,127.05143870000006,general,258.0
67,스타벅스 신압구정점,서울특별시 강남구 언주로174길 29 (신사동),37.528115,127.036441,general,284.0
68,스타벅스 아크로힐스논현점,"서울특별시 강남구 봉은사로 304, 금강빌딩 1-2층 (역삼동)",37.50898041,127.0403869,general,239.0
69,스타벅스 뱅뱅사거리점,서울특별시 강남구 강남대로 282 (도곡동),37.488585,127.032415,general,236.0
70,스타벅스 강남비젼타워점,"서울특별시 강남구 테헤란로2길 27, 1층 101호 (역삼동)",37.4964557,127.02968850000002,general,452.0
71,스타벅스 역삼역점,"서울특별시 강남구 테헤란로 145, 우신빌딩 1층 (역삼동)",37.50080096,127.0351577,general,380.0
72,스타벅스 압구정로데오역점,"서울특별시 강남구 선릉로 836, 삼원빌딩 1,2층 (청담동)",37.526549,127.040437,general,310.0
73,스타벅스 르네상스사거리점,서울특별시 강남구 테헤란로 306 (역삼동),37.502721,127.044308,general,248.0
74,스타벅스 포스코점,"서울특별시 강남구 삼성로86길 7, 1층 (대치동)",37.50576,127.057966,general,204.0
75,스타벅스 선릉로점,"서울특별시 강남구 선릉로93길 22, 대흥빌딩 1층 (역삼동)",37.505053,127.046577,general,94.0
76,스타벅스 논현힐탑점,서울특별시 강남구 논현로 648 (논현동),37.5115577,127.03226199999995,general,257.0
77,스타벅스 도산가로수길점,"서울특별시 강남구 도산대로 134, 2층 (논현동)",37.51736229999999,127.02329570000006,general,383.0
78,스타벅스 대치한티점,서울특별시 강남구 선릉로 324 (대치동),37.4984818,127.052066,general,44.0
79,스타벅스 코엑스아셈타워점,서울특별시 강남구 영동대로 517 (삼성동),37.513019,127.059838,general,89.0
80,스타벅스 대치삼성프라자점,서울특별시 강남구 영동대로 237 (대치동),37.500313,127.066961,general,61.0
81,스타벅스 테헤란로아남타워점,서울특별시 강남구 테헤란로 311 (역삼동),37.50383,127.04487,general,40.0
82,스타벅스 역삼이마트점,서울특별시 강남구 역삼로 310 (역삼동),37.499367,127.048425,general,28.0
83,스타벅스 미아뉴타운점,서울특별시 강북구 삼양로 161 (미아동),37.618319,127.021072,general,405.0
84,스타벅스 강북구청사거리점,서울특별시 강북구 도봉로 365 (수유동),37.6400354,127.0273766,general,527.0
85,스타벅스 미아사거리역점,서울특별시 강북구 도봉로 32 (미아동),37.611809,127.0306971,general,560.0
86,스타벅스 수유역점,서울특별시 강북구 도봉로 342 (번동),37.6380167,127.02613500000008,general,664.0
87,스타벅스 미아역점,서울특별시 강북구 도봉로 196 (미아동),37.626148,127.026578,general,574.0
88,스타벅스 발산역사거리점,서울특별시 강서구 공항대로 248 (마곡동),37.558509,126.835096,general,248.0
89,스타벅스 마곡역점,서울특별시 강서구 공항대로 168 (마곡동),37.559611,126.826298,general,211.0
90,스타벅스 우장산역점,서울특별시 강서구 강서로 267 (내발산동),37.549501,126.835984,general,19.0
91,스타벅스 마곡사이언스타워R점,서울특별시 강서구 마곡동로 62 (마곡동),37.5605261,126.833887,reserve,
92,스타벅스 방화DT점,서울특별시 강서구 방화대로 375 (방화동),37.574339,126.816415,general,573.0
93,스타벅스 마곡나루역점,서울특별시 강서구 마곡중앙로 161-17 (마곡동),37.56813,126.82614,general,647.0
94,스타벅스 마곡GMG점,"서울특별시 강서구 마곡중앙6로 16 (마곡동) 117,118,119,120호",37.560487,126.829667,general,567.0
95,스타벅스 가양역점,서울특별시 강서구 양천로 476 (등촌동),37.56164,126.853327,general,619.0
96,스타벅스 화곡DT점,서울특별시 강서구 등촌로 57 (화곡동),37.535149,126.863232,general,1224.0
97,스타벅스 양천향교역점,서울특별시 강서구 강서로 463 (마곡동),37.566964,126.840731,general,410.0
98,스타벅스 화곡동점,서울특별시 강서구 화곡로 142(화곡동),37.5405115,126.8372413,general,
99,스타벅스 등촌점,서울특별시 강서구 공항대로 329 (등촌동),37.5582043,126.84433919999992,general,427.0
100,스타벅스 염창역점,서울특별시 강서구 공항대로 627 (염창동),37.547359,126.874436,general,469.0
101,스타벅스 발산역점,서울특별시 강서구 강서로 388 (등촌동) 그랜드마트,37.56033,126.839279,general,624.0
102,스타벅스 가양이마트점,서울특별시 강서구 양천로 559 (가양동) 1층,37.5578966,126.86229779999996,general,526.0
103,스타벅스 까치산역점,서울특별시 강서구 강서로13길 3 (화곡동),37.532303,126.846077,general,613.0
104,스타벅스 등촌대로점,"서울특별시 강서구 공항대로 543 (염창동, 센터스퀘어), 104-2/105/106호",37.55101,126.86638,general,8.0
105,스타벅스 강서구청사거리점,"서울특별시 강서구 화곡로 350 (화곡동), 104/105/106/107호",37.5549266,126.8523133,general,36.0
106,스타벅스 낙성대역점,서울특별시 관악구 남부순환로 1908 (봉천동),37.477946,126.961193,general,334.0
107,스타벅스 관악서울대입구R점,서울특별시 관악구 관악로 158 (봉천동),37.479343,126.95278,reserve,620.0
108,스타벅스 신림DT점,서울특별시 관악구 남부순환로 1419 (신림동),37.480935,126.908407,general,1020.0
109,스타벅스 서울대역점,서울특별시 관악구 남부순환로 1817 (봉천동),37.481599,126.9522,general,682.0
110,스타벅스 낙성대DT점,서울특별시 관악구 남부순환로 1948 (봉천동),37.476169,126.965005,general,714.0
111,스타벅스 사당점,서울특별시 관악구 남부순환로 2082-25,37.47601,126.980997,general,579.0
112,스타벅스 보라매대교점,서울특별시 관악구 보라매로3길 23 (봉천동) 1층,37.491449,126.925432,general,529.0
113,스타벅스 신림사거리점,서울특별시 관악구 남부순환로 1619 (신림동),37.484768,126.930467,general,649.0
114,스타벅스 신림점,서울특별시 관악구 신림로 355-1 (신림동),37.48609493,126.9291602,general,
115,스타벅스 신림역포도몰점,"서울특별시 관악구 신림로 330, PODO MALL 1층 101 일부 (신림동)",37.48385383,126.9301799,general,841.0
116,스타벅스 서울대입구역점,서울특별시 관악구 남부순환로 1812 (봉천동),37.48118,126.951324,general,678.0
117,스타벅스 건국대점,서울특별시 광진구 능동로 117 (화양동),37.5415592,127.0711244,general,255.0
118,스타벅스 어린이대공원역점,서울특별시 광진구 능동로243 ,37.551946,127.076404,general,501.0
119,스타벅스 아차산역점,서울특별시 광진구 천호대로 676 ,37.5505388,127.0898757,general,585.0
120,스타벅스 올림픽대교북단점,서울특별시 광진구 광나루로 608 (구의동),37.541129,127.09524,general,306.0
121,스타벅스 구의DT점,서울특별시 광진구 광나루로 519 (구의동),37.5451984,127.0871587,general,498.0
122,스타벅스 자양사거리점,서울특별시 광진구 아차산로 355,37.5371158,127.0825821,general,372.0
123,스타벅스 군자역점,서울특별시 광진구 천호대로 548 (군자동) 중앙빌딩,37.556965,127.079032,general,772.0
124,스타벅스 광나루점,"서울특별시 광진구 아차산로 607, 1,2층 (광장동)",37.547442,127.105934,general,317.0
125,스타벅스 건대스타시티점,서울특별시 광진구 아차산로 262 (자양동),37.538544,127.073009,general,576.0
126,스타벅스 자양점,서울특별시 광진구 능동로 50 (자양동),37.5354769,127.06914619999998,general,375.0
127,스타벅스 강변역점,서울특별시 광진구 구의강변로 64 (구의동) 구의아크로리버,37.536155,127.093086,general,414.0
128,스타벅스 건대입구점,서울특별시 광진구 능동로 107 (화양동),37.5406604,127.0707225,general,554.0
129,스타벅스 구의역점,서울특별시 광진구 아차산로 373 (구의동),37.53698,127.084015,general,487.0
130,스타벅스 광장점,서울특별시 광진구 아차산로 537-17 (광장동),37.542518,127.099651,general,
131,스타벅스 건국클래식점,서울특별시 광진구 능동로 90 (자양동) 더 클래식500,37.538466,127.071271,general,377.0
132,스타벅스 자양이마트점,서울시 광진구 아차산로 272 스타시티 지하1층 일부,37.537817,127.072597,general,152.0
133,스타벅스 금천구청역점,"서울특별시 금천구 시흥대로73길 67 엠타워 112,113,114,115호",37.455983,126.895727,general,187.0
134,스타벅스 가산에스케이점,서울특별시 금천구 가산디지털1로 171 (가산동),37.48061318,126.8805702,general,437.0
135,스타벅스 독산사거리점,서울특별시 금천구 시흥대로 426 (독산동),37.471511,126.898775,general,291.0
136,스타벅스 금천시흥점,서울특별시 금천구 시흥대로 164 (시흥동),37.448624,126.903183,general,355.0
137,스타벅스 가산디지털단지역점,서울특별시 금천구 벚꽃로 298 (가산동),37.481324,126.883779,general,377.0
138,스타벅스 금천독산점,서울특별시 금천구 두산로 70 (독산동),37.46914,126.895246,general,468.0
139,스타벅스 가산디지털점,서울특별시 금천구 가산디지털1로 168 (가산동),37.4798346,126.88249969999993,general,468.0
140,스타벅스 W-Mall점,서울특별시 금천구 디지털로 188 (가산동),37.47730499,126.8876908,general,428.0
141,스타벅스 마리오아울렛점,서울특별시 금천구 벚꽃로 266 마리오아울렛3관,37.478701,126.885076,general,472.0
142,스타벅스 가산브이타워점,서울특별시 금천구 가산디지털1로 128 (가산동),37.477221,126.883683,general,318.0
143,스타벅스 가산그레이트점,"서울특별시 금천구 디지털로9길 32, 갑을그레이트밸리 1층 (가산동)",37.4794491,126.88747680000006,general,338.0
144,스타벅스 월계역점,"서울특별시 노원구 초안산로2라길26 월계동(104,105,106호)",37.6295,127.0574,general,193.0
145,스타벅스 월계트레이더스점,서울특별시 노원구 마들로3길 15 ,37.6277053,127.06149779999998,general,599.0
146,스타벅스 상계초교사거리점,서울특별시 노원구 노원로 449 ,37.656776,127.066442,general,518.0
147,스타벅스 공릉DT점,서울특별시 노원구 동일로 1015 (공릉동),37.6206884,127.0743116,general,790.0
148,스타벅스 노원마들역점,"서울특별시 노원구 노원로 569 (상계동, 임광아파트)",37.660941,127.058008,general,653.0
149,스타벅스 공릉역점,서울특별시 노원구 동일로 1081 (공릉동),37.626337,127.072252,general,574.0
150,스타벅스 은행사거리점,"서울특별시 노원구 중계로 217, 중흥빌딩 103,203호 (중계동)",37.65048737,127.0759861,general,468.0
151,스타벅스 노원KT점,"서울특별시 노원구 노해로 502, (주)KT 노원사옥 (상계동)",37.654562,127.063617,general,653.0
152,스타벅스 광운대점,서울특별시 노원구 석계로 104 (월계동),37.6231479,127.06070090000004,general,357.0
153,스타벅스 중계역점,"서울특별시 노원구 동일로 1339, 대한빌딩 (상계동)",37.64817,127.062244,general,645.0
154,스타벅스 노원역점,서울특별시 노원구 동일로 1413 (상계동) 1층,37.654751,127.060034,general,
155,스타벅스 월계이마트점,서울특별시 노원구 마들로3길 15 (월계동),37.627155,127.062094,general,585.0
156,스타벅스 창동이마트점,서울특별시 도봉구 노해로65길 4 (창동),37.651645,127.046869,general,440.0
157,스타벅스 쌍문역점,서울특별시 도봉구 도봉로 480 (창동),37.648456,127.034783,general,668.0
158,스타벅스 노량진동점,"서울특별시 동작구 노량진로 190 (노량진동, 고려교육타워-어바니엘한강) 101호~105호",37.513068,126.946537,general,330.0
159,스타벅스 남성역점,서울특별시 동작구 사당로 219 (사당동),37.4841198,126.9725739,general,424.0
160,스타벅스 상도역점,서울특별시 동작구 상도로37길 1 (상도1동),37.5031936,126.9484581,general,295.0
161,스타벅스 보라매공원R점,"서울특별시 동작구 보라매로5길 35 (신대방동, 파크스퀘어,보라매현대APT)",37.49226212712864,126.92334570798292,reserve,768.0
162,스타벅스 이수자이점,서울특별시 동작구 사당로 300 (사당동 이수자이),37.484414,126.980047,general,478.0
163,스타벅스 노량진역점,서울특별시 동작구 노량진로 134 (노량진동),37.51339,126.940879,general,770.0
164,스타벅스 신대방삼거리역점,서울특별시 동작구 상도로 102 (상도동),37.499914,126.931766,general,684.0
165,스타벅스 중앙대점,서울특별시 동작구 흑석로 75-1 (흑석동),37.506933,126.958125,general,353.0
166,스타벅스 숭실대입구역점,서울특별시 동작구 상도로 354 (상도동),37.4968346,126.95271230000004,general,449.0
167,스타벅스 숭실대점,서울특별시 동작구 사당로 4 (상도동),37.49538073,126.9548891,general,272.0
168,스타벅스 사당역점,"서울특별시 동작구 동작대로 21, 양지빌딩 1-3층 (사당동)",37.47849216,126.9813456,general,719.0
169,스타벅스 서강대프라자점,서울특별시 마포구 백범로 35 (신수동),37.551073,126.943096,general,66.0
170,스타벅스 상암YTN점,서울특별시 마포구 상암산로 76 (상암동),37.579183,126.892315,general,505.0
171,스타벅스 마포용강동점,서울특별시 마포구 토정로 295 (용강동),37.541186,126.942209,general,203.0
172,스타벅스 홍대입구역사거리R점,서울특별시 마포구 양화로 125 (서교동),37.554636,126.92036,reserve,519.0
173,스타벅스 마포경찰서후문점,서울특별시 마포구 마포대로 173-14 (아현동),37.5508,126.953432,general,239.0
174,스타벅스 공덕점,서울특별시 마포구 마포대로 130 (공덕동),37.545913,126.952956,general,399.0
175,스타벅스 합정폴리스R점,"서울특별시 마포구 양화로 45 (서교동, 메세나폴리스)",37.5509,126.9134,reserve,384.0
176,스타벅스 홍대공항철도역점,서울특별시 마포구 양화로 178 (동교동),37.557491,126.925146,general,784.0
177,스타벅스 마포염리점,서울특별시 마포구 독막로 311 (염리동),37.543876,126.94768,general,482.0
178,스타벅스 서강광흥창역점,서울특별시 마포구 서강로 69 (창전동),37.549377,126.931661,general,252.0
179,스타벅스 합정점,"서울특별시 마포구 월드컵로1길 14 (합정동) 마포한강푸르지오 110, 111, 112-2",37.54963,126.912999,general,678.0
180,스타벅스 서강대흥역점,서울특별시 마포구 백범로 89-5 (대흥동),37.548178,126.941576,general,409.0
181,스타벅스 서교동사거리점,서울특별시 마포구 양화로 105 (서교동),37.553376,126.918564,general,358.0
182,스타벅스 상암사보이시티점,서울특별시 마포구 월드컵북로54길 17 (상암동),37.58147,126.888983,general,427.0
183,스타벅스 신촌오거리점,서울특별시 마포구 신촌로16길 10 (노고산동),37.555137,126.934694,general,410.0
184,스타벅스 상암디지털큐브점,서울특별시 마포구 상암산로 34,37.5763132,126.8892477,general,326.0
185,스타벅스 상수역점,서울특별시 마포구 독막로 88 (상수동),37.5474817,126.92321579999998,general,358.0
186,스타벅스 공덕오거리점,서울특별시 마포구 마포대로 86 (도화동) 창강빌딩,37.5424641,126.95057730000008,general,302.0
187,스타벅스 서교점,서울특별시 마포구 양화로 78 (서교동) 서교빌딩 1층,37.551385,126.9169208,general,458.0
188,스타벅스 서강대점,서울특별시 마포구 백범로 23 (신수동),37.5524584,126.9378262,general,222.0
189,스타벅스 상암MBC점,서울특별시 마포구 성암로 267 (상암동),37.581297,126.890908,general,333.0
190,스타벅스 홍대역점,"서울특별시 마포구 양화로 165, 상진빌딩 1층 (동교동)",37.557175,126.923654,general,
191,스타벅스 동교점,"서울특별시 마포구 월드컵북로 22, 영준빌딩 1층 (동교동)",37.556928,126.919819,general,474.0
192,스타벅스 애오개역점,"서울특별시 마포구 마포대로 201, 마포트라팰리스II (아현동)",37.55218737,126.9555203,general,266.0
193,스타벅스 상암DMC점,"서울특별시 마포구 월드컵북로 375, DMC이안오피스텔1단지 102호,202호 (상암동)",37.577623,126.890684,general,367.0
194,스타벅스 마포일진빌딩점,"서울특별시 마포구 마포대로 45, 일진빌딩 1층 (도화동)",37.54043451,126.9463168,general,443.0
195,스타벅스 마포아크로점,서울특별시 마포구 마포대로 68 (도화동) 마포아크로타워,37.54145556,126.948819,general,311.0
196,스타벅스 홍대삼거리점,서울특별시 마포구 와우산로 64 (상수동),37.550266,126.923179,general,259.0
197,스타벅스 망원역점,서울특별시 마포구 월드컵로 74 (서교동),37.555829,126.910637,general,771.0
198,스타벅스 마포이마트점,서울특별시 마포구 백범로 212 (신공덕동) 마포이마트,37.542421,126.953341,general,262.0
199,스타벅스 합정메세나몰점,"서울특별시 마포구 양화로 45 (서교동, 메세나폴리스)",37.551004,126.913848,general,412.0
200,스타벅스 홍대역8번출구점,서울특별시 마포구 양화로 166 (동교동),37.556743503599,126.924166543608,general,81.0
201,스타벅스 가재울뉴타운점,서울특별시 서대문구 가재울미래로 2 ,37.5749841,126.9164441,general,519.0
202,스타벅스 남가좌사거리점,"서울특별시 서대문구 거북골로 84 (남가좌동, DMC에코자이104동)",37.577386,126.920815,general,145.0
203,스타벅스 신촌역점,서울특별시 서대문구 신촌로 73 (창천동),37.556167,126.934673,general,387.0
204,스타벅스 연희동점,서울특별시 서대문구 연희로 97 (연희동),37.566702,126.930475,general,
205,스타벅스 아현역점,"서울특별시 서대문구 신촌로35길 10 (북아현동, E편한세상신촌 4단지)",37.558421,126.956349,general,311.0
206,스타벅스 홍제역점,서울특별시 서대문구 통일로 451 (홍제동),37.588658,126.943864,general,628.0
207,스타벅스 연세백양로점,서울특별시 서대문구 연세로 50 (신촌동) 연세대학교,37.562644,126.937529,general,318.0
208,스타벅스 연희DT점,서울특별시 서대문구 연희로 144 (연희동),37.5702143,126.9339777,general,1018.0
209,스타벅스 경기대점,서울특별시 서대문구 충정로 53 (충정로2가),37.56367995,126.9646045,general,266.0
210,스타벅스 신촌점,서울특별시 서대문구 연세로 10-1 (창천동),37.55648577,126.9371155,general,669.0
211,스타벅스 이대R점,서울특별시 서대문구 이화여대길 34 (대현동),37.55848315,126.9459643,reserve,298.0
212,스타벅스 연세종합관점,"서울특별시 서대문구 연세로 50, 연세세브란스 종합관 (신촌동)",37.56177145,126.9414708,general,331.0
213,스타벅스 이대ECC점,서울특별시 서대문구 이화여대길 52 (대현동) 이화여자대학교 B415호,37.561631,126.94735,general,320.0
214,스타벅스 연대점,서울특별시 서대문구 연세로 35 (창천동),37.558706,126.936727,general,305.0
215,스타벅스 신촌아트레온점,서울특별시 서대문구 신촌로 129 (창천동),37.556505,126.940238,general,334.0
216,스타벅스 충정로역점,서울특별시 서대문구 충정로 23,37.56137,126.963219,general,292.0
217,스타벅스 연대동문점,서울특별시 서대문구 성산로 565 (대신동),37.566385,126.946273,general,167.0
218,스타벅스 신촌명물거리점,"서울특별시 서대문구 명물길 24, 1-5층 (창천동)",37.557796,126.938095,general,325.0
219,스타벅스 충정타워점,"서울특별시 서대문구 서소문로 21, 충정타워빌딩 1층 (충정로3가)",37.559869,126.96411,general,270.0
220,스타벅스 현대신촌점,서울특별시 서대문구 신촌로 83 (창천동),37.5560830579515,126.935844876509,general,
221,스타벅스 방배로점,서울특별시 서초구 방배로 52 (방배동),37.4793434,126.9994968,general,196.0
222,스타벅스 강남교보타워R점,서울특별시 서초구 강남대로 465 (서초동),37.503789,127.024075,reserve,442.0
223,스타벅스 방배다이치빌딩점,서울특별시 서초구 방배로 114 (방배동),37.484329,126.995872,general,332.0
224,스타벅스 센트럴F1점,서울특별시 서초구 신반포로 176 (반포동),37.505148,127.004395,general,302.0
225,스타벅스 서초역이화빌딩점,서울특별시 서초구 반포대로21길 3 (서초동),37.487931,127.009126,general,287.0
226,스타벅스 서초구청점,서울특별시 서초구 남부순환로 2557 (서초동),37.484206,127.030103,general,391.0
227,스타벅스 서초우성사거리점,서울특별시 서초구 강남대로 343 (서초동),37.493545,127.02943,general,11.0
228,스타벅스 이수역사거리점,"서울특별시 서초구 서초대로 3-4 (방배동, 방배디오슈페리움1)",37.48585,126.983027,general,371.0
229,스타벅스 강남대로신사점,서울특별시 서초구 강남대로 595 (잠원동),37.51489,127.019469,general,315.0
230,스타벅스 서울고속터미널점,서울특별시 서초구 신반포로 194 (반포동),37.504406,127.005648,general,660.0
231,스타벅스 강남대로논현R점,서울특별시 서초구 강남대로85길 5 (반포동),37.507413,127.022568,reserve,274.0
232,스타벅스 방배점,서울특별시 서초구 방배로 211,37.491914,126.99049739999998,general,223.0
233,스타벅스 방배카페거리점,서울특별시 서초구 방배중앙로 162 (방배동),37.4934767,126.9865297,general,337.0
234,스타벅스 서초법원점,서울특별시 서초구 서초대로 274 (서초동),37.49297,127.011875,general,135.0
235,스타벅스 청계산입구역점,서울특별시 서초구 청계산로 203 (신원동),37.447323,127.05625,general,246.0
236,스타벅스 사당로데오점,서울특별시 서초구 방배천로 5-4(방배동),37.4772752,126.98216049999996,general,650.0
237,스타벅스 파미에파크R점,서울특별시 서초구 사평대로 205 (반포동) CENTRALCITY,37.5030521,127.004362,reserve,232.0
238,스타벅스 교대역점,서울특별시 서초구 서초중앙로 138 (서초동) 우림빌딩,37.494207,127.01394,general,
239,스타벅스 양재역점,서울특별시 서초구 강남대로 202 (양재동) 모산빌딩,37.4820475,127.0367682,general,132.0
240,스타벅스 논현역점,서울특별시 서초구 강남대로 557 (잠원동) 1~2층,37.5111983,127.0205875,general,293.0
241,스타벅스 이수역점,서울특별시 서초구 동작대로 112 (방배동),37.4864664,126.98274029999992,general,137.0
242,스타벅스 내방역점,서울특별시 서초구 방배로 184 (방배동) 대풍빌딩,37.490004,126.992455,general,286.0
243,스타벅스 서초파라곤점,서울특별시 서초구 서초대로74길 29 (서초동) 서초파라곤,37.494941,127.027422,general,262.0
244,스타벅스 서울아트센터점,서울특별시 서초구 남부순환로 2395 (서초동) 호경빌딩,37.480866,127.012368,general,261.0
245,스타벅스 서초중앙로점,서울특별시 서초구 서초중앙로 225,37.501691,127.01152,general,229.0
246,스타벅스 센트럴시티점,서울특별시 서초구 신반포로 176 (반포동),37.504707,127.004459,general,
247,스타벅스 강남삼성타운점,서울특별시 서초구 서초대로78길 24 (서초동),37.49562035,127.0277144,general,505.0
248,스타벅스 방배역점,서울특별시 서초구 방배로 84 (방배동),37.48200755,126.9976438,general,405.0
249,스타벅스 반포역점,서울특별시 서초구 신반포로 257 (잠원동) 신반포11차상가,37.508589,127.011959,general,321.0
250,스타벅스 남부터미널점,"서울특별시 서초구 서초중앙로 26, 래미안서초유니빌 1층 101호 (서초동)",37.48467334,127.0169464,general,427.0
251,스타벅스 뉴코아강남점,서울특별시 서초구 잠원로 69 (잠원동) 킴스클럽,37.51031339,127.0069582,general,292.0
252,스타벅스 강남2점,"서울특별시 서초구 서초대로77길 27, 유빌딩 1,2층 (서초동)",37.5000875,127.02549090000002,general,627.0
253,스타벅스 교대점,서울특별시 서초구 서초중앙로 118 (서초동),37.4923611,127.0142207,general,
254,스타벅스 하이브랜드점,"서울특별시 서초구 매헌로 16, 리빙관 101호 (양재동)",37.46330766,127.0368447,general,267.0
255,스타벅스 신논현역점,서울특별시 서초구 강남대로 483 (반포동) 청호빌딩,37.50529,127.023636,general,288.0
256,스타벅스 영동2교점,"서울특별시 서초구 논현로 139, 대흥빌딩 (양재동)",37.48203954,127.0425748,general,358.0
257,스타벅스 남부터미널2점,서울특별시 서초구 효령로 274 (서초동),37.48436736,127.0142192,general,439.0
258,스타벅스 서래마을입구점,서울특별시 서초구 서래로 48 (반포동),37.49925284,126.9984801,general,245.0
259,스타벅스 몬테소리점,서울특별시 서초구 강남대로 399 (서초동),37.4982695,127.026865,general,513.0
260,스타벅스 서초역점,서울특별시 서초구 반포대로 118 (서초동),37.49067495,127.0086118,general,346.0
261,스타벅스 예술의전당점,"서울특별시 서초구 남부순환로323길 1, 1층 (서초동)",37.48115265,127.0134724,general,
262,스타벅스 교대법원점,서울특별시 서초구 서초중앙로 164 (서초동),37.496329,127.013336,general,256.0
263,스타벅스 강남GT타워점,"서울특별시 서초구 서초대로 411, GT타워 (서초동)",37.498056,127.02583300000003,general,319.0
264,스타벅스 서초동점,"서울특별시 서초구 남부순환로339길 64, 현우빌딩 1층 (서초동)",37.485941,127.021525,general,222.0
265,스타벅스 서울교대점,"서울특별시 서초구 서초중앙로 64, 1층 (서초동)",37.487397,127.015134,general,217.0
266,스타벅스 강남에비뉴점,"서울특별시 서초구 서초대로77길 62, 강남역아이파크 B102~B105 (서초동)",37.5027,127.023894,general,334.0
267,스타벅스 서이초교사거리점,서울특별시 서초구 사임당로 143 (서초동),37.4918146,127.0252252,general,12.0
268,스타벅스 서울웨이브아트센터점,서울특별시 서초구 잠원로 145-35 (잠원동),37.518807,127.00704,general,304.0
269,스타벅스 길음역점,서울특별시 성북구 정릉로 376 (돈암동),37.602139,127.025271,general,316.0
270,스타벅스 미아이마트점,서울특별시 성북구 도봉로 17 ,37.610678,127.029921,general,218.0
271,스타벅스 종암DT점,서울특별시 성북구 종암로 17 (종암동),37.5919525,127.0360401,general,464.0
272,스타벅스 미아점,서울특별시 성북구 동소문로 314 (하월곡동),37.607581,127.029303,general,353.0
273,스타벅스 성신여대정문점,서울특별시 성북구 보문로34길 62 (동선동2가),37.59091,127.0188,general,571.0
274,스타벅스 종암점,서울특별시 성북구 종암로 122 (종암동),37.601095,127.033847,general,443.0
275,스타벅스 삼선교점,서울특별시 성북구 동소문로 10 (동소문동2가),37.588696,127.00732070000004,general,317.0
276,스타벅스 월곡역점,"서울특별시 성북구 화랑로 76, 101-1호 (하월곡동)",37.601718,127.040446,general,325.0
277,스타벅스 고대점,서울특별시 성북구 고려대로24길 51 (안암동5가),37.58397192,127.0297352,general,360.0
278,스타벅스 현대미아점,서울특별시 성북구 동소문로 315 (길음동) 지하1층,37.60837822,127.0287483,general,314.0
279,스타벅스 성신여대점,서울특별시 성북구 동소문로24길 12 (동선동1가),37.593135,127.018379,general,579.0
280,스타벅스 안암역점,서울특별시 성북구 고려대로 102-2 (안암동5가),37.586319,127.030556,general,383.0
281,스타벅스 한성대입구역점,서울특별시 성북구 성북로 11 (성북동1가),37.589054,127.004839,general,409.0
282,스타벅스 송파나루역DT점,서울특별시 송파구 오금로 142 (송파동),37.510793,127.1102658,general,493.0
283,스타벅스 송파헬리오시티점,"서울특별시 송파구 송파대로 345 (가락동, 헬리오시티)",37.4978563,127.1031325,general,334.0
284,스타벅스 잠실시그마타워점,서울특별시 송파구 올림픽로 289 (신천동),37.514567,127.102493,general,572.0
285,스타벅스 문정법원로R점,서울특별시 송파구 송파대로 201 (문정동),37.487447,127.119164,reserve,451.0
286,스타벅스 송파개롱역점,서울특별시 송파구 오금로 420 (가락동),37.496956,127.13652,general,329.0
287,스타벅스 문정하비오점,"서울특별시 송파구 송파대로 111 (문정동, 파크하비오) 204동 104호~107호",37.481925,127.123446,general,379.0
288,스타벅스 문정역점,"서울특별시 송파구 송파대로 167 (문정동)테라타워 B동 137호~139호,204호",37.484813,127.122237,general,467.0
289,스타벅스 잠실대교남단R점,서울특별시 송파구 송파대로 570 타워 730 1층,37.515511,127.099006,reserve,465.0
290,스타벅스 송파위례점,"서울특별시 송파구 위례광장로 230 (장지동, 위례2차아이파크)",37.478264,127.144067,general,278.0
291,스타벅스 송파방이DT점,서울특별시 송파구 오금로 241 (방이동),37.506564,127.120495,general,282.0
292,스타벅스 송파구청점,서울특별시 송파구 오금로 87 (방이동),37.514573,127.107404,general,530.0
293,스타벅스 올림픽평화의문점,서울특별시 송파구 위례성대로 38 (방이동) 해태그린피아빌라트,37.5156426,127.11648190000004,general,267.0
294,스타벅스 송파아이파크점,서울특별시 송파구 법원로 55 (문정동),37.479892,127.122379,general,221.0
295,스타벅스 송파사거리점,서울특별시 송파구 송파대로 386 (송파동),37.5022788,127.1103904,general,273.0
296,스타벅스 석촌서호점,서울특별시 송파구 석촌호수로 176 (삼전동),37.5063929,127.0964684,general,493.0
297,스타벅스 문정로데오점,서울특별시 송파구 동남로 141 (가락동),37.491905,127.1262696,general,361.0
298,스타벅스 올림픽훼미리점,서울특별시 송파구 중대로 68 (문정동),37.491626,127.116308,general,232.0
299,스타벅스 올림픽공원남문점,서울특별시 송파구 위례성대로 102 (방이동),37.5133,127.123113,general,634.0
300,스타벅스 방이역점,"서울특별시 송파구 마천로 53, 1~2층 (오금동)",37.508666,127.126569,general,
301,스타벅스 석촌호수점,서울특별시 송파구 석촌호수로 262 (송파동),37.509581,127.104993,general,683.0
302,스타벅스 잠실푸르지오월드점,"서울특별시 송파구 올림픽로35가길 9, 잠실푸르지오월드마크 1층 (신천동)",37.517649,127.103426,general,384.0
303,스타벅스 잠실새내역점,서울특별시 송파구 올림픽로 96 (잠실동),37.511679,127.081062,general,586.0
304,스타벅스 잠실역점,"서울특별시 송파구 송파대로 562 (신천동, 웰리스타워,삼성웰리스아파트) 1층,2층",37.515272,127.099231,general,456.0
305,스타벅스 갤러리아팰리스점,"서울특별시 송파구 올림픽로 212, 갤러리아 팰리스 (잠실동)",37.51108365,127.0938059,general,348.0
306,스타벅스 아시아선수촌점,서울특별시 송파구 백제고분로 69 (잠실동),37.51059,127.079047,general,402.0
307,스타벅스 올림픽아파트점,서울특별시 송파구 양재대로 1222 (방이동),37.515315,127.133237,general,
308,스타벅스 가락본동점,서울특별시 송파구 송파대로30길 13 (가락동),37.494895,127.118785,general,309.0
309,스타벅스 석촌역점,"서울특별시 송파구 백제고분로 358, 1층 (석촌동)",37.5042626,127.10610769999994,general,370.0
310,스타벅스 가락시장역점,"서울특별시 송파구 중대로 121, 롯데캐슬 파인힐 1층 (가락동)",37.494299,127.121354,general,434.0
311,스타벅스 가든파이브점,서울특별시 송파구 충민로 10 (문정동) 가든파이브툴,37.4782316,127.1193703,general,249.0
312,스타벅스 몽촌토성역점,서울특별시 송파구 위례성대로 6 ,37.516913,127.113127,general,192.0
313,스타벅스 송파마천사거리DT점,서울특별시 송파구 거마로 78 (마천동),37.499829,127.147672,general,180.0
314,스타벅스 목동파리공원점,서울특별시 양천구 목동동로 377 (목동),37.535336,126.878852,general,154.0
315,스타벅스 등촌역점,서울특별시 양천구 공항대로 566 (목동) 1층 2층,37.548884,126.86807,general,699.0
316,스타벅스 목동행복한점,서울특별시 양천구 목동동로 309 (목동),37.529147,126.876099,general,690.0
317,스타벅스 신정DT점,서울특별시 양천구 신월로 341 (신정동),37.521993,126.858865,general,543.0
318,스타벅스 목동역점,서울특별시 양천구 목동로 203 (신정동) 1층일부,37.526684,126.863986,general,475.0
319,스타벅스 목동오목로점,"서울특별시 양천구 오목로 279 (목동) 102,103,104,105호",37.525923,126.868438,general,291.0
320,스타벅스 목동8단지점,서울특별시 양천구 목동서로 299 (신정동),37.520518,126.868841,general,360.0
321,스타벅스 오목교역점,서울특별시 양천구 오목로 354 (목동),37.5235882,126.87652120000008,general,422.0
322,스타벅스 신월IC DT점,서울특별시 양천구 남부순환로 430 (신월동),37.5294984,126.831983,general,395.0
323,스타벅스 목동7단지점,서울특별시 양천구 목동서로 213 (목동) 세신비젼프라자,37.528012,126.87053,general,389.0
324,스타벅스 목동5단지점,"서울특별시 양천구 목동동로 411, 1동 116호(목동, 부영그린타운3차)",37.536706,126.88212,general,244.0
325,스타벅스 목동점,서울특별시 양천구 목동서로 67 (목동) 우성에펠타운,37.53638383,126.8785597,general,
326,스타벅스 현대목동점,"서울특별시 양천구 목동동로 257 (목동, 현대하이페리온) 지하2층",37.526848,126.875023,general,496.0
327,스타벅스 목동파라곤점,"서울특별시 양천구 목동서로 155, 목동파라곤 1층 (목동)",37.52947,126.874996,general,306.0
328,스타벅스 목동트라팰리스점,서울특별시 양천구 오목로 299 (목동),37.5255,126.8702,general,157.0
329,스타벅스 타임스퀘어R점,서울특별시 영등포구 영중로 15 지하 1층 (영등포동4가),37.517139,126.903606,reserve,402.0
330,스타벅스 샛강역점,서울특별시 영등포구 여의대방로 376 (여의도동),37.5183551,126.9312716,general,306.0
331,스타벅스 영등포역점,서울특별시 영등포구 경인로 870 (영등포동1가),37.5169614,126.909139,general,667.0
332,스타벅스 당산대로점,서울특별시 영등포구 양평로 22 (당산동6가),37.533121,126.903804,general,382.0
333,스타벅스 여의도IFC몰(L1)R점,서울특별시 영등포구 국제금융로 10 (여의도동)  지하1층 178호,37.525127,126.925508,reserve,670.0
334,스타벅스 여의도KBS R점,서울특별시 영등포구 의사당대로 26 (여의도동),37.526596,126.918456,reserve,396.0
335,스타벅스 여의도화재보험점,서울특별시 영등포구 국제금융로6길 38 (여의도동),37.521345,126.926004,general,356.0
336,스타벅스 국회대로점,서울특별시 영등포구 국회대로 786 (여의도동),37.53026,126.919549,general,310.0
337,스타벅스 영등포KT점,서울특별시 영등포구 영중로 119 (영등포동8가),37.526419,126.905314,general,415.0
338,스타벅스 여의도공원R점,서울특별시 영등포구 여의공원로 101 (여의도동),37.529231,126.924872,reserve,281.0
339,스타벅스 국회의사당역점,서울특별시 영등포구 의사당대로 8 (여의도동),37.527831,126.916882,general,320.0
340,스타벅스 선유도역점,서울특별시 영등포구 양평로 115 (양평동4가),37.537268,126.894594,general,380.0
341,스타벅스 여의도역R점,서울특별시 영등포구 의사당대로 83 (여의도동) 1층,37.523328,126.923439,reserve,363.0
342,스타벅스 선유동이레빌딩점,서울특별시 영등포구 선유동2로 57 (양평제1동) 이레빌딩,37.534109,126.896912,general,292.0
343,스타벅스 동여의도점,서울특별시 영등포구 국제금융로 86 (여의도동) 롯데캐슬 아이비,37.5199494,126.9317957,general,306.0
344,스타벅스 여의도ABL타워점,서울특별시 영등포구 의사당대로 147 (여의도동) 알리안츠타워,37.518749,126.92779,general,301.0
345,스타벅스 영등포신길DT점,"서울특별시 영등포구 신길로 137 (신길동) 1,2층",37.504566,126.910073,general,
346,스타벅스 문래역점,서울특별시 영등포구 당산로 34 (문래동3가),37.517446,126.895258,general,710.0
347,스타벅스 당산점,서울특별시 영등포구 양평로 64 (당산동6가),37.535164,126.899942,general,440.0
348,스타벅스 여의도한양증권점,서울특별시 영등포구 국제금융로6길 7 (여의도동) 한양증권,37.522418,126.929093,general,266.0
349,스타벅스 여의도일신점,서울특별시 영등포구 은행로 11 (여의도동) 1층 1부,37.528,126.920103,general,219.0
350,스타벅스 신세계타임스퀘어B2점,"서울특별시 영등포구 영중로 9, 신세계타임스퀘어점 리빙관 지하2층 (영등포동4가)",37.517162,126.905608,general,334.0
351,스타벅스 하이테크시티점,서울특별시 영등포구 경인로 775 (문래동3가) 에이스하이테크시티,37.51467062,126.8986474,general,403.0
352,스타벅스 여의도점,서울특별시 영등포구 국제금융로2길 28 (여의도동),37.52403519,126.9245179,general,
353,스타벅스 롯데캐슬여의도점,"서울특별시 영등포구 의사당대로 127 (여의도동, 롯데캐슬엠파이어) 1층 104호",37.52025214,126.9263678,general,195.0
354,스타벅스 문래동점,"서울특별시 영등포구 선유로 64, 대창타운빌 1층 (문래동3가)",37.519602,126.889652,general,436.0
355,스타벅스 신세계타임스퀘어1F점,"서울특별시 영등포구 영중로 9, 신세계백화점 리빙관 1층 (영등포동4가)",37.517162,126.905608,general,359.0
356,스타벅스 여의도호성점,"서울특별시 영등포구 여의대방로65길 24, 호성빌딩 1층 (여의도동)",37.520176,126.929426,general,315.0
357,스타벅스 타임스퀘어B2점,"서울특별시 영등포구 영중로 15, 지하2층 (영등포동4가)",37.516985,126.903387,general,853.0
358,스타벅스 영등포본동점,서울특별시 영등포구 영등포로 254 (영등포동3가),37.518713,126.909559,general,511.0
359,스타벅스 타임스퀘어2F점,서울특별시 영등포구 영중로 15 지상2층 (영등포동4가),37.516985,126.903387,general,
360,스타벅스 여의도의사당점,"서울특별시 영등포구 국회대로74길 12, 남중빌딩 1층 (여의도동)",37.530023,126.92109,general,291.0
361,스타벅스 여의도IFC(1F)점,서울특별시 영등포구 국제금융로 10 (여의도동),37.525273,126.924668,general,864.0
362,스타벅스 선유도역 1번출구점,서울특별시 영등포구 양평로 128 (양평동5가)양평로 128,37.538333,126.893612,general,
363,스타벅스 영등포구청역점,서울특별시 영등포구 국회대로 558 국회대로 558,37.527623,126.895859,general,12.0
364,스타벅스 영등포시장교차로점,서울특별시 영등포구 영중로 45 (영등포동6가),37.5204239,126.904446,general,
365,스타벅스 더현대서울(B2)R점,서울특별시 영등포구 여의대로 108 (여의도동),37.5264,126.92877,reserve,127.0
366,스타벅스 당산역사거리점,서울특별시 영등포구 양평로 47 (당산동5가),37.533984,126.901156,general,148.0
367,스타벅스 불광역점,서울특별시 은평구 통일로 715 ,37.609382,126.9303971,general,605.0
368,스타벅스 구파발사거리점,서울특별시 은평구 진관3로 21 은평엘크루 101동 105-108호,37.639617,126.91881,general,408.0
369,스타벅스 연신내역사거리점,서울특별시 은평구 통일로 842 (불광동),37.61862,126.922062,general,635.0
370,스타벅스 연신내점,서울특별시 은평구 통일로 867 (갈현동),37.620417,126.919913,general,541.0
371,스타벅스 구파발역점,서울특별시 은평구 진관2로 12,37.63446,126.918881,general,521.0
372,스타벅스 은평구청입구점,서울특별시 은평구 은평로 170 (응암동),37.601042,126.926789,general,680.0
373,스타벅스 은평이마트점,서울특별시 은평구 은평로 111 (응암동),37.60037923,126.9202735,general,538.0
374,스타벅스 구산역점,서울특별시 은평구 연서로 146 (대조동),37.611745,126.917678,general,647.0
375,스타벅스 연합뉴스점,서울특별시 종로구 율곡로2길 25 (수송동),37.5743289,126.9804590000005,general,167.0
376,스타벅스 혜화역점,서울특별시 종로구 대학로12길 4 1~2층,37.5824779,127.002185,general,426.0
377,스타벅스 경희궁로점,서울특별시 종로구 새문안로3길 15 (당주동),37.571759,126.972343,general,282.0
378,스타벅스 강북삼성병원점,서울특별시 종로구 새문안로 29 (평동),37.568546,126.96756,general,183.0
379,스타벅스 종로평창동점,서울특별시 종로구 평창12길 3 (평창동),37.606149,126.967213,general,253.0
380,스타벅스 광화문우체국점,서울특별시 종로구 종로 6 (서린동),37.569854,126.978083,general,838.0
381,스타벅스 더종로R점,서울특별시 종로구 종로 51 (종로2가),37.570804,126.983494,reserve,
382,스타벅스 독립문역점,서울특별시 종로구 송월길 155 경희궁자이 4단지 1층 팰리스애비뉴 4114~4119호,37.571432,126.961269,general,216.0
383,스타벅스 정부서울청사R점,서울특별시 종로구 새문안로5가길 28 (적선동),37.574411,126.973571,reserve,241.0
384,스타벅스 동묘앞역점,"서울특별시 종로구 종로 344 (숭인동, 대우디오빌) 101호 일부, 201호 일부",37.5727,127.016072,general,378.0
385,스타벅스 종로구청점,서울특별시 종로구 삼봉로 71 (수송동),37.572662,126.981138,general,212.0
386,스타벅스 북촌로점,서울특별시 종로구 북촌로4길 23 (계동),37.579462,126.986431,general,154.0
387,스타벅스 종로수송점,서울특별시 종로구 종로5길 30 (청진동) 1~3층,37.5714931,126.9807831,general,316.0
388,스타벅스 새문안로점,서울특별시 종로구 새문안로 92 (신문로1가) 광화문오피시아빌딩,37.5696597,126.9748903,general,398.0
389,스타벅스 안국점,서울특별시 종로구 북촌로 5-1 (재동),37.577338,126.985635,general,436.0
390,스타벅스 삼청동점,서울특별시 종로구 삼청로 111-1 (삼청동),37.585381,126.9817512,general,212.0
391,스타벅스 광화문D타워점,서울특별시 종로구 종로3길 17 (청진동) D타워,37.5714,126.9788297,general,700.0
392,스타벅스 서울극장점,서울특별시 종로구 돈화문로 13 (관수동) 서울극장,37.56975769,126.9917911,general,261.0
393,스타벅스 적선점,"서울특별시 종로구 새문안로5길 55, 노스게이트빌딩 1층 (적선동)",37.57520431,126.9739361,general,251.0
394,스타벅스 인사점,서울특별시 종로구 인사동길 14 (인사동),37.5721293,126.98703490000003,general,272.0
395,스타벅스 영풍문고점,서울특별시 종로구 청계천로 41 (서린동) 영풍빌딩,37.5695584,126.9821243,general,322.0
396,스타벅스 광화문R점,서울특별시 종로구 세종대로 167 (세종로),37.5712293,126.9762872,reserve,735.0
397,스타벅스 성대입구점,서울특별시 종로구 창경궁로 235 (명륜3가),37.582892,126.998392,general,182.0
398,스타벅스 스페이스본점,서울특별시 종로구 사직로8길 4 (사직동) 광화문 풍림스페이스본,37.57532212,126.9692494,general,
399,스타벅스 주얼리시티점,서울특별시 종로구 종로 183 (인의동) 효성주얼리시티,37.57154914,126.998705,general,
400,스타벅스 종각점,서울특별시 종로구 종로 64 (종로2가),37.5699183,126.98452810000003,general,
401,스타벅스 동숭로아트점,서울특별시 종로구 동숭길 110 (동숭동),37.582969,127.003876,general,
402,스타벅스 종로관철점,"서울특별시 종로구 종로12길 21, 2층 (관철동)",37.569058,126.986013,general,
403,스타벅스 경복궁역점,"서울특별시 종로구 자하문로4길 6, 1층 (통의동)",37.5771508,126.97274530000004,general,399.0
404,스타벅스 이마빌딩점,서울특별시 종로구 종로1길 42 (수송동),37.5738637,126.97897149999994,general,357.0
405,스타벅스 마로니에공원점,"서울특별시 종로구 대학로 116, 1-2층 (동숭동)",37.58154296,127.0023412,general,666.0
406,스타벅스 종로3가점,"서울특별시 종로구 종로 113-1, 1-4층 (종로3가)",37.5705527,126.9902055,general,414.0
407,스타벅스 대학로점,"서울특별시 종로구 대학로 57, 홍익대학교 대학로캠퍼스 內 (연건동)",37.576509,127.001449,general,422.0
408,스타벅스 경복궁사거리점,"서울특별시 종로구 율곡로 6, B동 101호(중학동, 트윈트리타워)",37.575578,126.980581,general,198.0
409,스타벅스 종로관수점,서울특별시 종로구 삼일대로20길 13 (관수동),37.569385,126.988665,general,270.0
410,스타벅스 동숭길입구점,서울특별시 종로구 대학로 146 (혜화동),37.584236,127.002014,general,194.0
411,스타벅스 서울대치과병원점,서울특별시 종로구 대학로 101 서울대학교 치과병원 신관1층,37.5779,126.99965,general,25.0
412,스타벅스 숭례문북창점,서울특별시 중구 세종대로12길 12 (남대문로4가),37.561725,126.976838,general,348.0
413,스타벅스 을지로4가역점,서울특별시 중구 을지로 170 (을지로4가),37.566682,126.997285,general,290.0
414,스타벅스 동대문두타점,서울특별시 중구 장충단로 275 (을지로6가),37.56892512604548,127.00878383484596,general,424.0
415,스타벅스 대한상공회의소R점,서울특별시 중구 세종대로 39 상공회의소회관 1층,37.560938,126.973702,reserve,382.0
416,스타벅스 명동센트럴점,서울특별시 중구 명동9길 16 (명동1가),37.564669,126.985233,general,239.0
417,스타벅스 국립중앙의료원점,서울특별시 중구 을지로 251 (을지로6가),37.566516,127.0062376,general,524.0
418,스타벅스 동국대점,서울특별시 중구 서애로 1길 11,37.561542,126.998437,general,292.0
419,스타벅스 신세계본점5F점,서울특별시 중구 소공로 63 (충무로1가),37.560951,126.981134,general,600.0
420,스타벅스 을지로내외빌딩R점,서울특별시 중구 을지로 51 (을지로2가),37.566479,126.983663,reserve,264.0
421,스타벅스 대우재단빌딩점,서울특별시 중구 퇴계로 18 (남대문로5가),37.556781,126.975081,general,444.0
422,스타벅스 동대문공원점,서울특별시 중구 장충단로 229 (광희동1가),37.565133,127.007191,general,506.0
423,스타벅스 을지로국제빌딩점,서울특별시 중구 남대문로 109 (다동),37.566952,126.982219,general,682.0
424,스타벅스 동대입구역점,서울특별시 중구 장충단로 166 (장충동1가),37.559593,127.006142,general,396.0
425,스타벅스 신당역사거리점,서울특별시 중구 다산로 258 (흥인동),37.565807,127.01643,general,496.0
426,스타벅스 연세세브란스점,서울특별시 중구 통일로 10 (남대문로5가),37.557207,126.97354,general,306.0
427,스타벅스 회현역점,서울특별시 중구 퇴계로 72 (회현동) 리더스뷰남산,37.5589809,126.98074670000004,general,180.0
428,스타벅스 을지로경기빌딩점,서울특별시 중구 남대문로10길 9 (삼각동) 경기빌딩,37.567172,126.983156,general,560.0
429,스타벅스 을지로2가점,서울특별시 중구 삼일대로 358 (을지로2가),37.566347,126.988066,general,417.0
430,스타벅스 신세계본점6F점,서울특별시 중구 퇴계로 77 (충무로1가),37.560381,126.980758,general,215.0
431,스타벅스 서울중앙우체국점,서울특별시 중구 소공로 70 (충무로 1가) 서울 중앙 우체국,37.561678,126.982117,general,401.0
432,스타벅스 한국프레스센터점,서울특별시 중구 세종대로 124 (태평로1가),37.567381,126.977859,general,
433,스타벅스 명동중앙로점,서울특별시 중구 명동길 60 (명동 2가),37.5637485,126.9857723,general,483.0
434,스타벅스 약수역점,서울특별시 중구 다산로 129 (신당동),37.555437,127.0107253,general,475.0
435,스타벅스 중구저동점,서울특별시 중구 수표로 34 (저동2가),37.5643686,126.9903382,general,436.0
436,스타벅스 명동길점,서울특별시 중구 명동10길 41,37.5620695,126.9858669,general,449.0
437,스타벅스 소공로북창점,서울특별시 중구 세종대로18길 32 (소공동) 삼원빌딩,37.5636856,126.9789237,general,796.0
438,스타벅스 서소문로점,서울특별시 중구 서소문로 120 (서소문동) 대한빌딩,37.563006,126.974546,general,422.0
439,스타벅스 신당역점,"서울특별시 중구 퇴계로 385, 1층 (흥인동)",37.565522,127.014554,general,482.0
440,스타벅스 명동메트로점,서울특별시 중구 명동9가길 14 (을지로1가) 메트로호텔,37.565118,126.983681,general,332.0
441,스타벅스 숭례문점,"서울특별시 중구 세종대로 17, 와이즈타워 1층 (남대문로5가)",37.55874473,126.9730952,general,254.0
442,스타벅스 순화동더샵점,"서울특별시 중구 칠패로 27, 1층 (순화동)",37.560072,126.971931,general,182.0
443,스타벅스 대한극장점,"서울특별시 중구 퇴계로 212 (필동2가) 1,2층",37.56105065,126.9952735,general,378.0
444,스타벅스 환구단점,서울특별시 중구 소공로 112 (소공동),37.564448,126.979157,general,
445,스타벅스 무교동점,서울특별시 중구 무교로 21 (무교동) 코오롱빌딩 1층,37.56781712,126.978738,general,
446,스타벅스 문화일보점,서울특별시 중구 새문안로 22 (충정로1가) 문화일보,37.56712291,126.9686642,general,412.0
447,스타벅스 태평로점,"서울특별시 중구 세종대로 72, 대영빌딩 1층 (태평로2가)",37.56248285,126.9767928,general,432.0
448,스타벅스 퍼시픽타워점,"서울특별시 중구 세종대로9길 41, 퍼시픽타워 1층 (서소문동)",37.56132157,126.9730264,general,312.0
449,스타벅스 남산단암점,"서울특별시 중구 소월로 10, 단암빌딩 (남대문로5가)",37.55853622,126.9754585,general,197.0
450,스타벅스 황학캐슬점,서울특별시 중구 청계천로 400 (황학동) 롯데캐슬베네치아,37.57124,127.022905,general,331.0
451,스타벅스 서소문점,서울특별시 중구 서소문로 130 (서소문동),37.5633773,126.9755129,general,907.0
452,스타벅스 을지로삼화타워점,서울특별시 중구 을지로5길 16 (을지로2가) 1층,37.566902,126.984707,general,327.0
453,스타벅스 소공로점,"서울특별시 중구 남대문로7길 19, 삼영빌딩 1층 일부 (소공동)",37.5637273,126.98076809999998,general,
454,스타벅스 서소문배재점,서울특별시 중구 서소문로 99 (서소문동),37.5628481,126.9721664,general,263.0
455,스타벅스 을지로한국빌딩점,"서울특별시 중구 을지로 50, 1층 (을지로 2가)",37.565722,126.98329,general,356.0
456,스타벅스 순화동에이스점,서울특별시 중구 통일로 92 (순화동) KG타워,37.563528,126.969144,general,350.0
457,스타벅스 시청점,"서울특별시 중구 을지로 19, 삼성화재삼성빌딩 1층 (을지로1가)",37.56629,126.979808,general,380.0
458,스타벅스 시청플러스점,"서울특별시 중구 을지로 19, 삼성화재삼성빌딩 1층 (을지로1가)",37.566338,126.980055,general,
459,스타벅스 충무로역점,"서울특별시 중구 퇴계로 197, 충무빌딩 1층 (필동 2가)",37.561499,126.993864,general,340.0
460,스타벅스 명동역점,"서울특별시 중구 퇴계로 101, 건물 전체 (충무로 1가)",37.560832,126.983095,general,178.0
461,스타벅스 명동입구점,서울특별시 중구 남대문로 68-1 (명동2가),37.563319,126.982242,general,432.0
462,스타벅스 무교로점,서울특별시 중구 무교로 15 (무교동),37.567399,126.9789,general,
463,스타벅스 숭례문SG타워점,서울특별시 중구 세종대로 14 (남대문로5가),37.5581293,126.9742637,general,53.0
464,스타벅스 레스케이프호텔점,서울특별시 중구 퇴계로 67 (회현동1가),37.5598346,126.9794946,general,
465,스타벅스 별다방점,서울특별시 중구 퇴계로 100 (회현동2가),37.5602013,126.9829327,general,
466,스타벅스 명동남산점,서울특별시 중구 퇴계로 132 (남산동3가),37.560809,126.986397,general,65.0
467,스타벅스 명일역점,서울특별시 강동구 양재대로 1647 (명일동),37.55258,127.143799,general,457.0
468,스타벅스 강동구청DT점,서울특별시 강동구 성내로 32 (성내동),37.529437,127.123835,general,622.0
469,스타벅스 강동암사DT점,서울특별시 강동구 고덕로 43 (암사동),37.555054,127.130065,general,399.0
470,스타벅스 굽은다리역점,서울특별시 강동구 양재대로 1568 (명일동),37.545403,127.143101,general,
471,스타벅스 강동역점,"서울특별시 강동구 천호대로 1089 (천호동, 강동 헤르셔)",37.536047,127.133086,general,513.0
472,스타벅스 둔촌동점,서울특별시 강동구 양재대로 1303 (성내동) 평원빌딩,37.522724,127.133943,general,227.0
473,스타벅스 천호로데오점,서울특별시 강동구 천호대로 1037 (천호동),37.5378069,127.12730940000006,general,658.0
474,스타벅스 천호이마트점,서울특별시 강동구 천호대로 1015-14 (천호동) 이마트별관,37.538933,127.125214,general,372.0
475,스타벅스 길동역점,서울특별시 강동구 양재대로 1487 (길동),37.5387433,127.1399879,general,696.0
476,스타벅스 상일동점,"서울특별시 강동구 상일로10길 36, 1~2층 (상일동)",37.550072,127.174258,general,304.0
477,스타벅스 올림픽공원북문점,서울특별시 강동구 강동대로 171 (성내동),37.525403,127.125932,general,250.0
478,스타벅스 천호역점,"서울특별시 강동구 천호대로 1012, 태승빌딩 (성내동)",37.53795191,127.1245793,general,404.0
479,스타벅스 명일이마트점,서울특별시 강동구 동남로75길 5 (명일동) 명일이마트별관주차장,37.553991,127.155984,general,567.0
480,스타벅스 상일동역점,"서울특별시 강동구 고덕로 399 (고덕동, 고덕센트럴푸르지오)",37.55754181615496,127.17072672474715,general,46.0
481,스타벅스 천호사거리점,서울특별시 강동구 올림픽로 651 ,37.539702,127.123542,general,104.0
482,스타벅스 천호대로길동점,서울특별시 강동구 천호대로 1131 거산 유팰리스,37.534651,127.13721,general,133.0
483,스타벅스 신도림점,서울특별시 구로구 경인로 610 (신도림동),37.505517,126.883953,general,
484,스타벅스 구로디지털타워점,서울특별시 구로구 디지털로32길 30 (구로동),37.483432,126.89648,general,324.0
485,스타벅스 오류동역점,서울특별시 구로구 경인로 216 (오류동),37.4962155,126.8448614,general,528.0
486,스타벅스 구로디지털로점,"서울특별시 구로구 디지털로33길 11, 에이스테크노8차 1층 (구로동)",37.485911,126.895587,general,538.0
487,스타벅스 신세계아이앤씨점,"서울특별시 구로구 디지털로31길 61, 드림마크원데이터센타 1층 (구로동)",37.48587904,126.8916127,general,216.0
488,스타벅스 구로에이스점,"서울특별시 구로구 디지털로 285, 에이스트윈타워1차 103호 (구로동)",37.48448329,126.8944957,general,326.0
489,스타벅스 구로하이엔드점,"서울특별시 구로구 디지털로26길 5, 에이스하이엔드타워1차 103호 (구로동)",37.481618,126.893136,general,302.0
490,스타벅스 현대디큐브2F점,서울특별시 구로구 경인로 662 (신도림동),37.508636,126.889225,general,1362.0
491,스타벅스 구로호텔점,"서울특별시 구로구 디지털로32길 72, 구로호텔 1층 (구로동)",37.4831293,126.89885909999998,general,743.0
492,스타벅스 현대디큐브B2점,서울특별시 구로구 경인로 662 (신도림동),37.508828,126.889488,general,776.0
493,스타벅스 구로NC점,서울특별시 구로구 구로중앙로 152 (구로동) 구로NC,37.501219,126.882798,general,218.0
494,스타벅스 답십리역점,서울특별시 동대문구 천호대로 263 (답십리동),37.568466,127.051106,general,644.0
495,스타벅스 경희대삼거리점,서울특별시 동대문구 회기로 141 (회기동),37.591531,127.052017,general,285.0
496,스타벅스 외대정문점,서울특별시 동대문구 이문로 93 (이문동),37.5953464,127.0590302,general,290.0
497,스타벅스 신설동역점,서울특별시 동대문구 왕산로 19 (신설동),37.5767228,127.0255446,general,502.0
498,스타벅스 회기역사거리점,서울특별시 동대문구 이문로 37 (회기동),37.590784,127.056098,general,438.0
499,스타벅스 외대점,서울특별시 동대문구 휘경로 12-1 (이문동),37.59575188,127.0614002,general,299.0
500,스타벅스 장한평역점,서울특별시 동대문구 장한로 10 (장안동),37.562337,127.065511,general,792.0
501,스타벅스 경희대점,서울특별시 동대문구 경희대로 16-1 (회기동),37.5928812,127.05280849999995,general,322.0
502,스타벅스 서울숲역점,서울특별시 성동구 왕십리로50 1층 일부,37.542075,127.044961,general,307.0
503,스타벅스 금호역점,서울특별시 성동구 동호로 99 ,37.5479939,127.0153343,general,248.0
504,스타벅스 뚝섬역점,서울특별시 성동구 아차산로 42 (성수동1가),37.546432,127.049042,general,634.0
505,스타벅스 황학사거리점,"서울특별시 성동구 왕십리로 410 (하왕십리동, 센트라스)",37.567644,127.023697,general,339.0
506,스타벅스 성수역점,서울특별시 성동구 성수이로 94 (성수동2가),37.543193,127.056943,general,690.0
507,스타벅스 상왕십리역점,서울특별시 성동구 왕십리로 382 (하왕십리동),37.565169,127.027907,general,387.0
508,스타벅스 왕십리역점,서울특별시 성동구 왕십리로 326 (도선동),37.5627541,127.0339072,general,613.0
509,스타벅스 한양대점,"서울특별시 성동구 왕십리로 225 (행당동) 1,2층",37.55726984,127.0421649,general,294.0
510,스타벅스 엔터식스점,서울특별시 성동구 왕십리광장로 17 (행당동),37.56175811,127.0383328,general,512.0
511,스타벅스 성수이마트점,서울특별시 성동구 뚝섬로 379 (성수동2가) 이마트 성수점,37.5396996,127.0530083,general,391.0
512,스타벅스 성수낙낙점,서울시 성동구 광나루로8길 31 성수SKV1 2동 1층 101~107호,37.547326,127.066367,general,184.0
513,스타벅스 효창공원앞역점,"서울특별시 용산구 백범로 313 (효창동, 용산 롯데캐슬 센터포레)",37.539305,126.96306,general,220.0
514,스타벅스 서울역서부점,서울특별시 용산구 만리재로 202 (서계동),37.555165,126.968446,general,193.0
515,스타벅스 이태원역점,서울특별시 용산구 이태원로 188 (이태원동),37.534273,126.994789,general,294.0
516,스타벅스 한강진역R점,서울특별시 용산구 이태원로 252 (한남동),37.537131,127.00098,reserve,306.0
517,스타벅스 용산역써밋R점,"서울특별시 용산구 한강대로 69 (한강로2가, 용산푸르지오써밋)",37.527586,126.965401,reserve,591.0
518,스타벅스 이촌점,서울특별시 용산구 이촌로 276 (이촌동),37.518605,126.977271,general,193.0
519,스타벅스 신용산역점,"서울특별시 용산구 한강대로 95 (한강로2가, 래미안용산)",37.528702,126.966757,general,605.0
520,스타벅스 용산파크타워점,"서울특별시 용산구 서빙고로 67 (용산동5가, 파크타워)",37.523818,126.970389,general,145.0
521,스타벅스 남영동점,서울특별시 용산구 한강대로 275 (갈월동),37.542831,126.972242,general,383.0
522,스타벅스 한남동R점,서울특별시 용산구 독서당로 94 (한남동),37.53485,127.010919,reserve,205.0
523,스타벅스 서울타워점,서울특별시 용산구 남산공원길 105 (용산동2가) YTN서울타워 1층,37.551102,126.988317,general,247.0
524,스타벅스 서울역동자동점,서울특별시 용산구 한강대로 372 (동자동),37.551752,126.972694,general,435.0
525,스타벅스 순천향입구점,서울특별시 용산구 대사관로 67 (한남동),37.533394,127.00563,general,431.0
526,스타벅스 숙대점,서울특별시 용산구 청파로47길 57 (청파동3가),37.54460479,126.9672252,general,409.0
527,스타벅스 동빙고점,서울특별시 용산구 장문로 12 (동빙고동),37.5289857,126.991782,general,254.0
528,스타벅스 숙대입구역점,서울특별시 용산구 한강대로 291 (갈월동),37.544118,126.971891,general,423.0
529,스타벅스 용산아이파크몰점,서울특별시 용산구 한강대로23길 55,37.5288539,126.96404469999992,general,
530,스타벅스 동부이촌동점,서울특별시 용산구 이촌로 198 (이촌동),37.52111,126.96905,general,212.0
531,스타벅스 용산해링턴스퀘어점,서울특별시 용산구 서빙고로 17 (한강로3가),37.5258562,126.9676442,general,33.0
532,스타벅스 용산리첸시아점,"서울특별시 용산구 백범로 341 (원효로1가, 리첸시아 용산)",37.538571,126.967409,general,125.0
533,스타벅스 상봉점,"서울특별시 중랑구 상봉로 131 (상봉동, 상봉 듀오트리스 주상복합)",37.597842,127.092509,general,690.0
534,스타벅스 중랑역점,서울특별시 중랑구 망우로30길 3 (상봉동),37.5930326,127.07473579999998,general,425.0
535,스타벅스 중랑구청점,서울특별시 중랑구 신내로 72,37.60538908,127.0957558,general,491.0
536,스타벅스 사가정역점,서울특별시 중랑구 면목로 310,37.579594,127.087966,general,655.0
537,스타벅스 상봉역점,"서울특별시 중랑구 망우로 307, ,3,4번지 (상봉동)",37.59689,127.08647,general,632.0
538,스타벅스 묵동이마트점,"서울특별시 중랑구 동일로 932 (묵동, 묵동자이아파트) (묵동이마트 B1층)",37.613433,127.077484,general,396.0
539,스타벅스 묵동점,서울특별시 중랑구 동일로 952 ,37.615368,127.076633,general,210.0
540,스타벅스 중화역점,"서울특별시 중랑구 봉화산로 35 1,2층",37.60170912407773,127.07841136432036,general,98.0
